fraction,treatment,density,qpcr_ratio
6,12C,1.71328932,0.038416781
7,12C,1.70782552,0.186560093
8,12C,1.70236172,0.987937393
9,12C,1.69580516,1.0
10,12C,1.69034136,0.113818084
5,13C,1.71547484,0.103393172
6,13C,1.70891828,1.0
7,13C,1.70345448,0.368097202
8,13C,1.69689792,0.224894639
9,13C,1.69143412,0.321954999
