fraction,treatment,density,qpcr_ratio
6,12C,1.71001104,0.166359643
7,12C,1.70454724,0.390011325
8,12C,1.69908344,0.62654109
9,12C,1.69361964,1.0
10,12C,1.69034136,0.531697631
6,13C,1.7111038,0.170752811
7,13C,1.70454724,0.455733261
8,13C,1.69799068,0.92387403
9,13C,1.69252688,1.0
10,13C,1.68706308,0.341295116
